<?xml version="1.0" encoding="UTF-8"?>
<project-private xmlns="http://www.netbeans.org/ns/project-private/1">
    <editor-bookmarks xmlns="http://www.netbeans.org/ns/editor-bookmarks/2" lastBookmarkId="0"/>
    <open-files xmlns="http://www.netbeans.org/ns/projectui-open-files/2">
        <group>
            <file>file:/E:/NetBeans25/Project/src/AirResults.java</file>
            <file>file:/E:/NetBeans25/Project/src/Airplane.java</file>
            <file>file:/E:/NetBeans25/Project/src/CreateAccount.java</file>
            <file>file:/E:/NetBeans25/Project/src/FerResults.java</file>
            <file>file:/E:/NetBeans25/Project/src/Ferry.java</file>
            <file>file:/E:/NetBeans25/Project/src/Home.java</file>
            <file>file:/E:/NetBeans25/Project/src/Payment.java</file>
            <file>file:/E:/NetBeans25/Project/src/PaymentConfirmation.java</file>
            <file>file:/E:/NetBeans25/Project/src/SearchConcert.java</file>
            <file>file:/E:/NetBeans25/Project/src/SearchTransportation.java</file>
            <file>file:/E:/NetBeans25/Project/src/ShoppingCart.java</file>
        </group>
    </open-files>
</project-private>
