<?xml version="1.0" encoding="UTF-8"?>
<project-private xmlns="http://www.netbeans.org/ns/project-private/1">
    <editor-bookmarks xmlns="http://www.netbeans.org/ns/editor-bookmarks/2" lastBookmarkId="0"/>
    <open-files xmlns="http://www.netbeans.org/ns/projectui-open-files/2">
        <group>
            <file>file:/C:/Users/baxat/Documents/NetBeansProjects/RockAway/src/rockaway/RockAway.java</file>
            <file>file:/C:/Users/baxat/Documents/NetBeansProjects/RockAway/src/rockaway/CreateAccount.java</file>
            <file>file:/C:/Users/baxat/Documents/NetBeansProjects/RockAway/src/rockaway/SearchConcert.java</file>
            <file>file:/C:/Users/baxat/Documents/NetBeansProjects/RockAway/src/rockaway/Home.java</file>
            <file>file:/C:/Users/baxat/Documents/NetBeansProjects/RockAway/src/rockaway/ShoppingCart.java</file>
            <file>file:/C:/Users/baxat/Documents/NetBeansProjects/RockAway/src/rockaway/Payment.java</file>
            <file>file:/C:/Users/baxat/Documents/NetBeansProjects/RockAway/src/rockaway/Main.java</file>
            <file>file:/C:/Users/baxat/Documents/NetBeansProjects/RockAway/src/rockaway/SignUp.java</file>
        </group>
    </open-files>
</project-private>
